,Similis,Solidissima
L116,0.575,0.770833333
L148,0.528225806,0.85483871
L203,0.56884058,0.971014493
L430,0.75,0.952205882
L447,0.580985915,0.98943662